<?xml version="1.0" encoding="UTF-8"?>
<project-private xmlns="http://www.netbeans.org/ns/project-private/1">
    <editor-bookmarks xmlns="http://www.netbeans.org/ns/editor-bookmarks/2" lastBookmarkId="0"/>
    <open-files xmlns="http://www.netbeans.org/ns/projectui-open-files/2">
        <group>
            <file>file:/C:/xampp/htdocs/PruebaServer/controladores/LoginController.php</file>
            <file>file:/C:/xampp/htdocs/PruebaServer/vistas/plantillaBase.php.twig</file>
            <file>file:/C:/xampp/htdocs/PruebaServer/controladores/MarcaController.php</file>
            <file>file:/C:/xampp/htdocs/PruebaServer/libs/Sesion.php</file>
            <file>file:/C:/xampp/htdocs/PruebaServer/controladores/UsuarioController.php</file>
            <file>file:/C:/xampp/htdocs/PruebaServer/vistas/showPerfil.php.twig</file>
            <file>file:/C:/xampp/htdocs/PruebaServer/vistas/showMarcas.php.twig</file>
        </group>
    </open-files>
</project-private>
